{
  "learning_rate": 0.00017566701871132718,
  "max_steps": -1,
  "num_train_epochs": 5.0,
  "per_device_eval_batch_size": 8,
  "per_device_train_batch_size": 32,
  "weight_decay": 0.007410417946488881
}