{"train/loss": 0.2622, "train/learning_rate": 1.600798403193613e-05, "train/epoch": 1.0, "train/global_step": 501, "_timestamp": 1697855610.3080697, "_runtime": 82.85603070259094, "_step": 1, "eval/loss": 0.203163743019104, "eval/f1_micro": [1.0, 0.9746630727762802, 0.9646437994722955, 0.9471947194719471, 0.8997704667176741, 0.9703588143525741, 0.9866045428072219, 0.7177142857142856], "eval/precision_micro": [1.0, 0.9730893433799784, 0.94129763130793, 0.924812030075188, 0.9363057324840764, 0.944331983805668, 0.9803240740740741, 0.8920454545454546], "eval/recall_micro": [1.0, 0.9762419006479481, 0.9891774891774892, 0.9706877113866967, 0.865979381443299, 0.9978609625668449, 0.9929660023446659, 0.6003824091778203], "eval/runtime": 2.1828, "eval/samples_per_second": 456.752, "eval/steps_per_second": 14.66, "_wandb": {"runtime": 82}}