{"train/loss": 0.2637, "train/learning_rate": 1.600798403193613e-05, "train/epoch": 1.0, "train/global_step": 501, "_timestamp": 1697857392.2292998, "_runtime": 80.93971872329712, "_step": 1, "eval/loss": 0.20170173048973083, "eval/f1_micro": [1.0, 0.9778975741239893, 0.9682875264270613, 0.9488167308750688, 0.9182295573893474, 0.9678756476683937, 0.9831100757134537, 0.6919431279620853], "eval/precision_micro": [1.0, 0.976318622174381, 0.9462809917355371, 0.9268817204301075, 0.9357798165137615, 0.9386934673366835, 0.9768518518518519, 0.9096573208722741], "eval/recall_micro": [1.0, 0.9794816414686826, 0.9913419913419913, 0.971815107102593, 0.9013254786450663, 0.9989304812834224, 0.9894490035169988, 0.5583173996175909], "eval/runtime": 2.3692, "eval/samples_per_second": 420.817, "eval/steps_per_second": 13.507, "_wandb": {"runtime": 80}}