{
  "learning_rate": 0.00014408571676918994,
  "max_steps": -1,
  "num_train_epochs": 5.0,
  "per_device_eval_batch_size": 8,
  "per_device_train_batch_size": 8,
  "weight_decay": 0.11236203565420874
}