{"train/loss": 0.2817, "train/learning_rate": 1.600798403193613e-05, "train/epoch": 1.0, "train/global_step": 501, "_timestamp": 1697855447.8007438, "_runtime": 79.94387793540955, "_step": 1, "eval/loss": 0.22465993463993073, "eval/f1_micro": [1.0, 0.967221923696937, 0.9619593538301199, 0.9457364341085271, 0.9116981132075471, 0.9684101501812532, 0.9733178654292344, 0.6666666666666666], "eval/precision_micro": [1.0, 0.9625668449197861, 0.9276381909547738, 0.9292709466811752, 0.934984520123839, 0.9387550200803213, 0.9632606199770379, 0.9163879598662207], "eval/recall_micro": [1.0, 0.9719222462203023, 0.9989177489177489, 0.9627959413754228, 0.8895434462444771, 1.0, 0.9835873388042204, 0.5239005736137667], "eval/runtime": 2.2785, "eval/samples_per_second": 437.574, "eval/steps_per_second": 14.044, "_wandb": {"runtime": 79}}