{
  "learning_rate": 0.00010342234736668553,
  "max_steps": -1,
  "num_train_epochs": 5.0,
  "per_device_eval_batch_size": 8,
  "per_device_train_batch_size": 8,
  "weight_decay": 0.05616671055927714
}