{
  "learning_rate": 0.00012422111536716164,
  "max_steps": -1,
  "num_train_epochs": 5.0,
  "per_device_eval_batch_size": 8,
  "per_device_train_batch_size": 32,
  "weight_decay": 0.14684469473337108
}