{"train/loss": 0.2574, "train/learning_rate": 1.600798403193613e-05, "train/epoch": 1.0, "train/global_step": 501, "_timestamp": 1697855815.2856236, "_runtime": 108.89670944213867, "_step": 1, "eval/loss": 0.20119069516658783, "eval/f1_micro": [1.0, 0.9795479009687836, 0.9644562334217506, 0.9490968801313628, 0.913303437967115, 0.9738219895287957, 0.9786250722125939, 0.6899766899766899], "eval/precision_micro": [1.0, 0.9763948497854077, 0.9458896982310093, 0.9223404255319149, 0.9271623672230652, 0.9538461538461539, 0.9646924829157175, 0.8835820895522388], "eval/recall_micro": [1.0, 0.9827213822894169, 0.9837662337662337, 0.9774520856820744, 0.8998527245949927, 0.9946524064171123, 0.9929660023446659, 0.5659655831739961], "eval/runtime": 3.1998, "eval/samples_per_second": 311.579, "eval/steps_per_second": 10.001, "_wandb": {"runtime": 108}}